Latitude,Longitude,Century_of_Origin,Known_Date_of_Origin,Dedication,Active_Devotion,MRO_Devotion,RAS)"
41.885379,12.495494,13,1201,1.11111,0,,0
41.888753,12.498028,13,1201,2,1,2016,1
41.889542,12.469799,14,1301,2.1,0,,0
41.88906,12.475354,14,1301,2.155555556,0,,0
41.888198,12.515689,14,1301,9.9,0,,0
41.886657,12.49258,14,1301,9.9,0,,0
41.891182,12.489018,14,1301,9.9,0,,0
41.892795,12.478863,15,1401,1,0,,0
41.898632,12.469934,15,1475,1,0,,0
41.89545,12.47322,15,1599,2,1,2015,1
41.89946,12.47855,15,1401,2.999999,1,2014,1
41.876803,12.48156,15,1401,4,0,,2
41.900489,12.468112,16,1523,1.2,0,,0
41.901518,12.472737,16,1501,1.23,0,,0
41.89825,12.4694,16,1501,2,1,2012,1
41.89376,12.47263,16,1501,2.1,0,,0
41.891443,12.470165,16,1501,2.1,0,,0
41.895986,12.472242,16,1501,2.1,0,,0
41.907906,12.482275,16,1501,2.1,0,,0
41.89964,12.46852,16,1501,2.144444,0,,0
41.865782,12.505346,16,1539,2.22222222,0,,0
41.897223,12.466419,16,1501,6.6666,0,,1
41.907842,12.47693,16,1501,8.8,0,,9
41.894022,12.473633,17,1604,1,0,,0
41.902459,12.476543,17,1601,1.111,0,,0
41.899977,12.483869,17,1601,1.111,0,,0
41.894234,12.474554,17,1601,1.111111,0,,0
41.887182,12.503749,17,1636,1.1111111,0,,0
41.900173,12.467275,17,1601,1.255555556,0,,2
41.896533,12.468397,17,1601,2,0,,0
41.89575,12.49572,17,1601,2,0,,0
41.899147,12.468616,17,1601,2.1,0,,0
41.900063,12.472984,17,1601,2.1,0,,0
41.896791,12.474527,17,1601,2.1,0,,0
41.895403,12.473712,17,1601,2.1,0,,0
41.90096,12.47061,17,1601,2.1,1,2016,1
41.902281,12.476044,17,1601,2.1,0,,0
41.896937,12.468642,17,1601,2.1,0,,0
41.898484,12.477548,17,1601,2.1,0,,9
41.886601,12.474813,17,1685,2.1,1,2014,1
41.895656,12.47394,17,1601,2.122222,0,,0
41.891505,12.48336,17,1658,2.122222222,0,,2
41.899966,12.483892,17,1601,2.13,1,2015,2
41.90426,12.457581,17,1601,2.1338888,0,,0
41.89725,12.477951,17,1601,2.1444,0,,0
41.89428,12.49864,17,1601,2.15,0,,0
41.892501,12.466851,17,1601,2.155555,0,,1
41.895139,12.470636,17,1601,2.1555555,0,,0
41.899812,12.467611,17,1601,2.15555555,0,,0
41.89881,12.469531,17,1601,2.155555555,0,,0
41.894504,12.490519,17,1601,2.1666,0,,0
41.901701,12.474303,17,1601,2.19999999,0,,0
41.906942,12.477016,17,1601,2.22,0,,0
41.895668,12.478966,17,1601,2.22,0,,0
41.898841,12.477286,17,1601,2.2222222,0,,0
41.897746,12.479568,17,1601,2.2222222,0,,0
41.900552,12.461502,17,1601,2.22222222,0,,2
41.904,12.482359,17,1601,2.22222222,0,,2
41.896811,12.496984,17,1601,2.222222222,0,,0
42.041535,13.016848,17,1601,2.222222222,1,2012,1
41.902081,12.490804,17,1601,2.222222222,0,,0
41.882369,12.493541,17,1601,2.222222222,1,2016,0
41.898824,12.472682,17,1601,2.5,0,,0
41.892983,12.471836,17,1601,2.5,0,,0
41.890604,12.477647,17,1601,6.666,0,,0
42.15238,11.935954,17,1601,9,1,2008,1
41.891388,12.467151,18,1701,1.1,1,2016,1
41.886613,12.469884,18,1701,1.111,1,2017,1
41.8946,12.47008,18,1734,1.111,0,,1
41.887614,12.477257,18,1701,1.1111111,0,,0
41.900491,12.469883,18,1701,1.1111111,0,,0
41.886298,12.492407,18,1701,1.1111111,0,,0
41.892103,12.467588,18,1701,1.11111111,0,,0
41.894779,12.470167,18,1701,1.111111111,0,,0
41.87678,12.50205,18,1701,1.11111112,1,2016,1
41.89949,12.47791,18,1701,1.225,0,,0
41.895067,12.474097,18,1701,1.23,0,,2
41.897367,12.476367,18,1701,1.23,0,,0
41.903473,12.48671,18,1701,1.23,0,,0
41.891486,12.469844,18,1701,1.23,0,,2
41.903942,12.461707,18,1752,1.23,0,,0
41.895173,12.479771,18,1701,2,0,,0
41.896977,12.475264,18,1701,2,0,,2
41.90053,12.47403,18,1701,2,0,,0
41.905551,12.479447,18,1701,2,0,,0
41.895455,12.486832,18,1701,2,1,,0
41.900461,12.471841,18,1701,2,0,,0
41.89622,12.49172,18,1701,2,0,,0
41.891514,12.469201,18,1701,2,0,,2
41.901142,12.477968,18,1701,2,0,,0
41.897554,12.478533,18,1701,2,0,,0
41.899694,12.4806,18,1701,2,0,,0
41.90073,12.46719,18,1701,2,0,,0
41.89737,12.49782,18,1701,2,0,,0
41.895526,12.498231,18,1701,2,0,,0
41.8888,12.477268,18,1701,2,0,,0
41.90144,12.46975,18,1701,2,0,,0
41.898505,12.469463,18,1701,2,0,,2
41.900612,12.484386,18,1701,2,0,,0
41.923811,12.502797,18,1701,2,0,,0
41.897201,12.473443,18,1701,2,0,,0
41.904437,12.482054,18,1786,2,0,,1
41.896595,12.481261,18,1796,2,0,,0
41.892764,12.478926,18,1701,2.1,0,,0
41.877541,12.475996,18,1701,2.1,0,,0
41.895842,12.478355,18,1701,2.1,0,,0
41.896628,12.474154,18,1701,2.1,0,,0
41.895297,12.471293,18,1701,2.1,0,,0
41.899809,12.476053,18,1701,2.1,0,,0
41.887375,12.47686,18,1701,2.1,0,,0
41.893123,12.488097,18,1701,2.1,0,,2
41.896666,12.478827,18,1701,2.1,0,,2
41.900503,12.470289,18,1701,2.1,0,,2
41.902906,12.483296,18,1701,2.1,0,,0
41.895964,12.473552,18,1701,2.1,0,,0
41.89606,12.47288,18,1701,2.1,0,,2
41.888925,12.498091,18,1701,2.1,0,,0
41.89761,12.47359,18,1701,2.1,0,,0
41.903495,12.476457,18,1701,2.1,0,,0
41.90428,12.48777,18,1701,2.1,0,,0
41.900496,12.475898,18,1701,2.1,0,,0
41.892986,12.489281,18,1701,2.1,0,,0
41.897056,12.468473,18,1701,2.1,0,,2
41.888851,12.475645,18,1701,2.1,0,,0
41.90376,12.48662,18,1701,2.1,0,,0
41.90588,12.48099,18,1701,2.1,0,,0
41.893386,12.488535,18,1701,2.1,0,,0
41.89756,12.49747,18,1701,2.1,0,,0
41.903636,12.461987,18,1701,2.1,0,,0
41.889071,12.471168,18,1701,2.1,1,2017,2
41.89578,12.49444,18,1701,2.1,0,,0
41.89501,12.47239,18,1701,2.1,1,2017,2
41.90581,12.47828,18,1701,2.1,0,,0
41.896656,12.468746,18,1701,2.1,0,,0
41.88972,12.47287,18,1701,2.1,0,,0
41.898508,12.475846,18,1701,2.1,0,,0
41.894444,12.487065,18,1701,2.1,0,,0
41.894151,12.479913,18,1701,2.1,0,,2
41.906036,12.483613,18,1701,2.1,0,,2
41.90125,12.47537,18,1701,2.1,0,,0
41.90703,12.47722,18,1701,2.1,0,,0
41.89305,12.48937,18,1701,2.1,0,,0
41.89822,12.46142,18,1701,2.1,0,,0
41.89296,12.48911,18,1701,2.1,0,,0
41.90513,12.48676,18,1701,2.1,0,,0
41.889929,12.469646,18,1701,2.1,0,,0
41.901161,12.460845,18,1901,2.1,0,,0
41.901952,12.48446,18,1701,2.111,0,,0
41.894839,12.47756,18,1701,2.12,1,2016,1
41.895512,12.473123,18,1701,2.122,0,,0
41.9,12.476719,18,1701,2.122,0,,0
41.902648,12.48632,18,1701,2.12222,0,,0
41.88822,12.47107,18,1701,2.1222222,0,,0
41.894337,12.487252,18,1701,2.122222222,0,,0
41.900098,12.479273,18,1701,2.122222222,0,,0
41.897414,12.473111,18,1701,2.122222222,0,,0
41.903725,12.482568,18,1701,2.122222222,0,,0
41.894356,12.478327,18,1701,2.122222222,0,,0
41.899746,12.477484,18,1701,2.1444,0,,0
41.895923,12.475786,18,1701,2.144444,0,,2
41.889451,12.473118,18,1701,2.144444,0,,2
41.892869,12.471479,18,1705,2.144444,0,,0
41.903421,12.460373,18,1701,2.1444441,0,,2
41.895819,12.477823,18,1701,2.1444441,0,,0
41.899269,12.479463,18,1701,2.15,0,,0
41.89025,12.46808,18,1701,2.15555,0,,2
41.896704,12.470766,18,1701,2.1555555,0,,0
41.894638,12.471947,18,1701,2.1888,0,,0
41.897841,12.475642,18,1701,2.19999,0,,0
41.899043,12.478641,18,1701,2.199999,0,,2
41.899386,12.473759,18,1701,2.22,0,,0
41.89781,12.47729,18,1701,2.22,0,,0
41.900506,12.470646,18,1701,2.22,0,,0
41.899432,12.475159,18,1701,2.22,0,,0
41.898439,12.472185,18,1701,2.22,0,,2
41.90329,12.47691,18,1701,2.22,0,,0
41.891271,12.4683,18,1701,2.22,0,,0
41.906629,12.478962,18,1701,2.2222,0,,0
41.896915,12.476893,18,1701,2.22222,1,2016,2
41.89398,12.48861,18,1701,2.22222,0,,2
41.89492,12.49263,18,1701,2.22222,0,,0
41.89966,12.48278,18,1701,2.22222,0,,0
41.903231,12.479573,18,1731,2.2222222,0,,0
41.892998,12.480899,18,1756,2.2222222,0,,0
41.909582,12.475075,18,1701,2.22222222,0,,0
41.900876,12.470185,18,1701,2.22222222,0,,1
41.898542,12.479541,18,1701,2.22222222,0,,0
41.899247,12.476519,18,1701,2.22222222,0,,0
41.902542,12.477036,18,1701,2.22222222,0,,0
41.897755,12.480343,18,1701,2.22222222,0,,0
41.895773,12.471459,18,1701,2.22222222,1,2014,0
41.8965,12.471084,18,1716,2.22222222,0,,0
41.89825,12.466212,18,1701,2.222222222,0,,2
41.89615,12.49724,18,1701,2.222222222,0,,0
41.893933,12.492412,18,1701,2.222222222,0,,0
41.90764,12.47937,18,1701,2.222222222,1,2014,1
41.895753,12.473973,18,1701,2.222222222,0,,2
41.900665,12.482221,18,1701,2.222222222,1,2016,0
41.88883,12.47729,18,1701,2.222222222,0,,0
41.900056,12.471135,18,1701,2.222222222,0,,2
41.901118,12.477008,18,1701,2.222222222,0,,0
41.89506,12.46225,18,1701,2.222222222,0,,0
41.894139,12.489993,18,1701,2.222222222,0,,0
41.904515,12.476659,18,1701,2.222222222,1,2016,2
41.887755,12.476908,18,1701,2.222222222,0,,2
41.896334,12.472658,18,1701,2.222222222,1,2016,0
41.900482,12.47928,18,1701,2.222222222,0,,2
41.899582,12.479708,18,1701,2.222222222,0,,0
41.90056,12.46853,18,1701,2.222222222,0,,0
41.900472,12.470881,18,1701,2.222222222,0,,0
41.901624,12.475026,18,1701,2.222222222,0,,0
41.890843,12.469933,18,1701,2.222222222,0,,2
41.890431,12.468831,18,1701,2.222222222,1,2008,2
41.89505,12.48937,18,1701,2.222222222,1,2016,1
41.890183,12.468857,18,1701,2.222222222,0,,1
41.900353,12.472473,18,1701,2.222222222,0,,0
41.898336,12.465698,18,1701,2.222222222,0,,2
41.898688,12.462855,18,1701,2.222222222,0,,0
41.900842,12.483714,18,1701,2.222222222,0,,0
41.899626,12.477451,18,1701,2.222222222,0,,0
41.897774,12.471814,18,1701,2.222222222,0,,0
41.903248,12.461021,18,1701,2.229,0,,2
41.892758,12.480379,18,1701,2.555555555,0,,0
41.893836,12.480139,18,1701,2.999999,0,,2
41.899975,12.476424,18,1701,4.44444,0,,0
41.88968,12.46921,18,1701,5.1,0,,2
41.876773,12.481463,18,1701,5.44,0,,2
41.897655,12.467649,18,1701,6,0,,0
41.897418,12.467977,18,1701,6.6,0,,0
41.906754,12.47893,18,1701,9,0,,0
41.895526,12.49283,18,1701,9,0,,2
41.87479,12.50105,18,1701,9,0,,0
41.896813,12.468759,19,1801,1.1,0,,0
41.927653,12.446538,19,1801,1.111,1,2015,1
41.89381,12.48788,19,1801,1.1111111,0,,0
41.892158,12.502639,19,1801,1.111111111,0,,2
41.89969,12.465563,19,1801,1.23,0,,0
41.900432,12.472178,19,1801,1.23,0,,0
41.899001,12.461622,19,1801,2,0,,0
41.908144,12.475989,19,1801,2,0,,0
41.895623,12.471833,19,1801,2,0,,0
41.89506,12.48663,19,1801,2,0,,0
41.89326,12.47779,19,1801,2,0,,0
41.90772,12.490746,19,1801,2,0,,0
41.894164,12.490907,19,1801,2,0,,0
41.904412,12.478097,19,1801,2,0,,0
41.89625,12.47633,19,1801,2,0,,2
41.90005,12.47537,19,1801,2,0,,0
41.901967,12.490575,19,1801,2,0,,0
41.893786,12.481701,19,1801,2,0,,0
41.899263,12.468431,19,1801,2,0,,0
41.89609,12.47282,19,1801,2,0,,0
41.894978,12.490674,19,1801,2,0,,0
41.899438,12.467683,19,1801,2,0,,2
41.890956,12.482745,19,1801,2,0,,0
41.896533,12.490062,19,1801,2,0,,0
41.903285,12.477774,19,1801,2,0,,0
41.895104,12.490263,19,1801,2,0,,0
41.88848,12.47515,19,1801,2,0,,0
41.898615,12.469858,19,1801,2,0,,2
41.908949,12.479203,19,1801,2,0,,0
41.897572,12.496055,19,1801,2,0,,0
41.90428,12.488854,19,1801,2,0,,0
41.901913,12.4952,19,1801,2,0,,0
41.89202,12.46957,19,1801,2,0,,0
41.89731,12.48156,19,1801,2,0,,2
41.90045,12.484991,19,1801,2,0,,0
41.890031,12.50295,19,1801,2,1,2016,2
41.89197,12.46917,19,1801,2,0,,0
41.901991,12.49076,19,1801,2,0,,0
41.895306,12.472539,19,1801,2,1,2015,2
41.89523,12.49199,19,1801,2,0,,0
41.89069,12.47075,19,1801,2,0,,2
41.909323,12.477888,19,1801,2,0,,0
41.907966,12.480362,19,1858,2,1,2016,1
41.89999,12.48464,19,1860,2,0,,1
41.895441,12.486912,19,1801,2.1,0,,0
41.89516,12.48077,19,1801,2.1,0,,1
41.911171,12.468335,19,1801,2.1,0,,0
41.91107,12.467888,19,1801,2.1,0,,0
41.914753,12.49405,19,1801,2.1,0,,0
41.895205,12.497126,19,1801,2.1,0,,0
41.908809,12.47716,19,1801,2.1,0,,0
41.896523,12.480774,19,1801,2.1,0,,0
41.896306,12.480215,19,1801,2.1,0,,0
41.900476,12.469846,19,1801,2.1,0,,0
41.900074,12.47182,19,1801,2.1,0,,0
41.894746,12.471356,19,1801,2.1,0,,0
41.893246,12.472074,19,1801,2.1,0,,0
41.893446,12.479144,19,1801,2.1,0,,0
41.90825,12.489368,19,1801,2.1,0,,0
41.905662,12.462559,19,1801,2.1,0,,0
41.906592,12.45778,19,1801,2.1,0,,0
41.890503,12.468649,19,1801,2.1,0,,2
41.88925,12.477064,19,1801,2.1,1,2008,1
41.904037,12.457825,19,1801,2.1,0,,2
41.90472,12.47892,19,1801,2.1,0,,0
41.900816,12.475959,19,1801,2.1,0,,0
41.889898,12.473001,19,1801,2.1,0,,0
41.899303,12.500837,19,1801,2.1,0,,0
41.89903,12.47582,19,1801,2.1,0,,0
41.901791,12.48186,19,1801,2.1,0,,0
41.90476,12.46112,19,1801,2.1,0,,0
41.89953,12.4707,19,1801,2.1,1,2016,2
41.90602,12.46687,19,1801,2.1,0,,0
41.9077,12.4781,19,1801,2.1,0,,0
41.900562,12.48368,19,1801,2.1,0,,0
41.890116,12.469906,19,1801,2.1,0,,2
41.89401,12.48107,19,1801,2.1,0,,0
41.908592,12.488218,19,1801,2.1,0,,0
41.89777,12.46131,19,1801,2.1,0,,0
41.897336,12.468618,19,1801,2.1,0,,0
41.903863,12.505778,19,1801,2.1,0,,0
41.894952,12.50144,19,1801,2.1,0,,0
41.905136,12.473249,19,1801,2.1,0,,0
41.89425,12.46944,19,1801,2.1,0,,2
41.893868,12.475171,19,1801,2.1,0,,0
41.889995,12.46662,19,1801,2.1,1,2014,1
41.891346,12.468717,19,1801,2.1,0,,2
41.902938,12.480471,19,1801,2.1,0,,0
41.886438,12.47693,19,1801,2.1,0,,0
41.90145,12.494497,19,1801,2.1,0,,0
41.90047,12.476537,19,1801,2.1,0,,0
41.89411,12.47971,19,1801,2.1,0,,0
41.901076,12.479467,19,1801,2.1,0,,0
41.906779,12.495501,19,1801,2.1,0,,0
41.88883,12.45029,19,1801,2.1,0,,0
41.905319,12.48664,19,1801,2.1,0,,0
41.903308,12.504967,19,1801,2.1,0,,0
41.90807,12.47947,19,1801,2.1,0,,0
41.90826,12.48837,19,1801,2.1,0,,0
41.89136,12.46859,19,1801,2.1,0,,0
41.903938,12.4843,19,1801,2.1,0,,1
41.907625,12.476948,19,1801,2.1,0,,9
41.897129,12.477992,19,1801,2.1,0,,0
41.90458,12.47704,19,1838,2.1,0,,0
41.909837,12.477264,19,1855,2.1,0,,0
41.88856,12.476719,19,1869,2.1,0,,0
41.895899,12.489002,19,1872,2.1,0,,0
41.893769,12.474046,19,1801,2.12,0,,2
41.877456,12.475929,19,1801,2.12,0,,0
41.888622,12.471205,19,1801,2.12222,0,,0
41.895492,12.491006,19,1801,2.12222,0,,0
41.88921,12.47585,19,1801,2.12222222,0,,0
41.900825,12.481752,19,1801,2.122222222,0,,0
41.901611,12.458907,19,1801,2.13,0,,0
41.89559,12.49975,19,1801,2.132,1,2016,0
41.891833,12.468851,19,1801,2.139,0,,0
41.88906,12.47623,19,1801,2.144444,0,,0
41.88892,12.477404,19,1801,2.144444,0,,0
41.90695,12.47002,19,1801,2.144444,1,2014,2
41.89447,12.47165,19,1864,2.144444,0,,2
41.899157,12.471956,19,1801,2.1444555,0,,0
41.88995,12.47016,19,1801,2.15,0,,0
41.904191,12.478054,19,1801,2.15555,0,,0
41.90036,12.467564,19,1867,2.1555555,0,,0
41.89304,12.50201,19,1801,2.15555555,0,,0
41.898124,12.471168,19,1801,2.155555556,0,,0
41.900513,12.4671,19,1801,2.22,0,,2
41.896212,12.469933,19,1801,2.22,0,,0
41.89319,12.478552,19,1801,2.222,0,,9
41.894422,12.48082,19,1801,2.222,0,,0
41.879727,12.47823,19,1900,2.2222,0,,0
41.905341,12.486559,19,1801,2.2222222,0,,0
41.896612,12.494413,19,1801,2.2222222,0,,0
41.89902,12.477964,19,1801,2.22222222,0,,2
41.90053,12.48539,19,1801,2.22222222,0,,0
41.895983,12.473697,19,1801,2.22222222,0,,0
41.906601,12.478288,19,1801,2.22222222,0,,0
41.893314,12.473975,19,1801,2.22222222,0,,0
41.89381,12.49242,19,1801,2.22222222,0,,2
41.901131,12.476869,19,1801,2.22222222,0,,0
41.904969,12.481628,19,1801,2.22222222,0,,0
41.889381,12.477011,19,1801,2.22222222,0,,0
41.904281,12.486586,19,1801,2.22222222,0,,2
41.903232,12.488443,19,1801,2.22222222,0,,0
41.903662,12.477898,19,1801,2.22222222,0,,0
41.90229,12.47371,19,1801,2.22222222,0,,0
41.894178,12.472131,19,1801,2.22222222,0,,0
41.890318,12.506691,19,1897,2.22222222,0,,0
41.897334,12.476037,19,1801,2.222222222,0,,2
41.89754,12.48491,19,1801,2.222222222,0,,0
41.89965,12.4715,19,1801,2.222222222,0,,0
41.89381,12.48954,19,1849,2.222222222,0,,0
41.90863,12.477596,19,1801,2.222222222,0,,2
41.897693,12.47352,19,1801,2.222222222,0,,0
41.906543,12.479773,19,1801,2.222222222,0,,0
41.900461,12.46639,19,1801,2.222222222,1,2015,1
41.897174,12.478218,19,1801,2.222222222,0,,2
41.896063,12.493985,19,1801,2.222222222,0,,0
41.899042,12.47758,19,1850,2.22222229,0,,0
41.902037,12.502921,19,1801,2.229,0,,0
41.89936,12.48225,19,1860,2.444444444,0,,0
41.899888,12.472118,19,1801,2.777,0,,0
41.902288,12.484069,19,1801,4.4,0,,0
41.889551,12.460918,19,1848,4.444,0,,1
41.90403,12.48521,19,1801,5.15,0,,0
41.89742,12.467797,19,1801,5.5551,0,,2
41.895844,12.501079,19,1801,5.5551,0,,0
41.89526,12.47504,19,1801,5.5551,0,,0
41.895157,12.477563,19,1801,5.555555,0,,0
41.896421,12.497637,19,1801,5.555555556,0,,0
41.89685,12.47057,19,1801,6.66666,0,,1
41.901139,12.471955,19,1801,9,0,,9
41.89495,12.493721,19,1801,9,0,,0
41.911384,12.467551,20,1901,1.1,0,,0
41.836486,12.574295,20,1901,1.1,1,2016,1
41.886876,12.519628,20,1901,1.1,0,,0
41.885271,12.518891,20,1901,1.1,0,,0
41.878671,12.575107,20,1901,1.1,1,2016,1
41.89983,12.48439,20,1901,1.11,1,2016,1
41.90676,12.449116,20,1901,1.111,1,2017,1
41.884026,12.530174,20,1901,1.1111,1,2016,1
41.889308,12.475929,20,1901,1.1111111,0,,0
41.891292,12.519571,20,1944,1.122222222,1,2019,1
41.889075,12.525763,20,1957,1.23,1,2016,1
41.927345,12.511097,20,1901,2,1,2016,1
41.886022,12.541443,20,1901,2,1,2017,1
41.875788,12.465922,20,1901,2,0,,0
41.904068,12.485476,20,1901,2,0,,0
41.896878,12.473123,20,1901,2,0,,0
41.89907,12.476494,20,1901,2,0,,0
41.886696,12.465097,20,1901,2,0,,0
41.909679,12.464432,20,1901,2,0,,0
41.883648,12.523092,20,1901,2,1,2012,1
41.93731,12.465631,20,1901,2,0,,0
41.879994,12.462514,20,1901,2,0,,0
41.874096,12.462564,20,1901,2,0,,0
41.892585,12.489982,20,1901,2,0,,0
41.89234,12.48703,20,1901,2,0,,0
41.897196,12.473926,20,1901,2,0,,0
41.900297,12.473812,20,1901,2,0,,1
41.892054,12.468986,20,1901,2,0,,0
41.900679,12.483144,20,1901,2,0,,0
41.911187,12.468311,20,1901,2,0,,0
41.883458,12.518759,20,1901,2,0,,0
41.893401,12.414971,20,1901,2,0,,2
41.896184,12.418556,20,1901,2,0,,0
41.915944,12.464349,20,1901,2,0,,0
41.855164,12.481488,20,1901,2,0,,0
41.895873,12.500461,20,1909,2,0,,2
41.872906,12.467693,20,1944,2,0,,1
41.890756,12.482379,20,1954,2,0,,0
41.891354,12.480585,20,1954,2,0,,0
41.879147,12.461074,20,1954,2,0,,0
41.882454,12.531638,20,1958,2,1,2014,1
41.873013,12.46338,20,1968,2,1,2019,1
41.91961,12.47894,20,1979,2,1,2016,1
41.921695,12.483695,20,1901,2.1,1,2014,1
41.911411,12.509235,20,1901,2.1,0,,0
41.90871,12.45532,20,1901,2.1,0,,0
41.88333,12.543163,20,1901,2.1,0,,0
41.882439,12.513678,20,1901,2.1,0,,0
41.91972,12.460943,20,1901,2.1,1,2017,0
41.885716,12.53351,20,1901,2.1,0,,0
41.870405,12.470629,20,1901,2.1,0,,0
41.899648,12.494703,20,1901,2.1,0,,0
41.9031,12.462134,20,1901,2.1,0,,0
41.91658,12.457265,20,1901,2.1,0,,0
41.884303,12.524363,20,1901,2.1,0,,0
41.885983,12.521892,20,1901,2.1,0,,2
41.885291,12.523724,20,1901,2.1,0,,1
41.915869,12.46258,20,1901,2.1,1,2015,0
41.886011,12.522519,20,1901,2.1,0,,0
41.912588,12.496032,20,1901,2.1,0,,0
41.884977,12.521305,20,1901,2.1,1,2017,1
41.918332,12.45604,20,1901,2.1,0,,0
41.911584,12.50918,20,1901,2.1,0,,0
41.901008,12.4923,20,1901,2.1,0,,0
41.904353,12.482065,20,1901,2.1,0,,0
41.903937,12.485519,20,1901,2.1,0,,0
41.90482,12.48576,20,1901,2.1,0,,0
41.896781,12.469904,20,1901,2.1,0,,0
41.90436,12.458796,20,1901,2.1,0,,0
41.901362,12.460656,20,1901,2.1,0,,0
41.889349,12.476146,20,1901,2.1,0,,2
41.90586,12.487189,20,1901,2.1,1,2015,1
41.893947,12.477443,20,1901,2.1,0,,0
41.894646,12.470001,20,1901,2.1,0,,0
41.90869,12.46532,20,1901,2.1,0,,0
41.89346,12.48967,20,1901,2.1,0,,0
41.908749,12.477852,20,1901,2.1,0,,0
41.89231,12.50949,20,1901,2.1,0,,0
41.896792,12.475802,20,1901,2.1,0,,0
41.896466,12.49429,20,1901,2.1,0,,0
41.896876,12.494656,20,1901,2.1,0,,0
41.89905,12.48428,20,1901,2.1,0,,0
41.890669,12.483467,20,1901,2.1,0,,0
41.90259,12.48256,20,1901,2.1,0,,0
41.90961,12.47046,20,1901,2.1,0,,1
41.907561,12.488731,20,1901,2.1,0,,0
41.88979,12.47586,20,1901,2.1,0,,0
41.907011,12.487856,20,1901,2.1,0,,0
41.902506,12.473343,20,1901,2.1,0,,0
41.900164,12.495495,20,1901,2.1,0,,0
41.89778,12.46131,20,1901,2.1,0,,0
41.893494,12.473877,20,1901,2.1,0,,0
41.910405,12.465477,20,1901,2.1,0,,0
41.89606,12.46869,20,1901,2.1,0,,0
41.90468,12.485899,20,1901,2.1,0,,0
41.918579,12.501308,20,1927,2.1,1,2018,1
41.90122,12.46787,20,1936,2.1,0,,0
41.898456,12.482624,20,1945,2.1,0,,0
41.87248,12.44957,20,1951,2.1,1,2016,1
41.90339,12.463098,20,1953,2.1,1,2016,0
41.886524,12.515406,20,1960,2.1,0,,1
41.911191,12.494358,20,1901,2.122,0,,0
41.908059,12.451645,20,1929,2.122,0,,2
41.884658,12.470555,20,1944,2.122,1,2016,1
41.911136,12.495984,20,1901,2.12222,0,,0
41.888982,12.503491,20,1901,2.12222,1,2016,1
41.913279,12.469826,20,1901,2.122222222,0,,0
41.892917,12.541628,20,1901,2.122222222,1,2016,1
41.913305,12.499738,20,1901,2.122222222,1,2017,1
41.921645,12.505096,20,1901,2.129,1,2016,1
41.923085,12.513159,20,1901,2.129,1,2016,0
41.888481,12.529746,20,1901,2.129,1,2016,1
41.915963,12.496914,20,1901,2.129,1,2016,1
41.875798,12.521435,20,1901,2.129,1,2016,1
41.891441,12.527158,20,1901,2.129,1,2016,1
41.884902,12.530145,20,1901,2.129,1,2016,1
41.884887,12.530153,20,1901,2.129,1,2016,1
41.882306,12.522073,20,1901,2.129,1,2015,1
41.915558,12.456196,20,1901,2.129,1,2017,1
41.925406,12.464037,20,1901,2.129,1,2016,2
41.884892,12.530275,20,1901,2.129,1,2017,1
41.877793,12.452661,20,1901,2.129,1,2017,1
41.884243,12.460796,20,1901,2.129,1,2015,1
41.876006,12.487666,20,1901,2.129,1,2016,1
41.895674,12.428723,20,1901,2.129,1,2016,1
41.87925,12.49669,20,1944,2.129,1,2008,1
41.910193,12.4500939,20,1944,2.129,0,,1
41.887908,12.513369,20,1944,2.129,1,2016,1
41.89306,12.51205,20,1944,2.129,1,2016,1
41.908705,12.506755,20,1944.6,2.129,1,2014,1
41.909562,12.488842,20,1945,2.129,1,2016,1
41.904742,12.493985,20,1945,2.129,1,2016,1
41.879088,12.485212,20,1945,2.129,1,2016,1
41.896152,12.496377,20,1945,2.129,0,,0
41.90354,12.47841,20,1945,2.129,1,2016,1
41.907243,12.462707,20,1950,2.129,0,,0
41.893068,12.57664,20,1950,2.129,1,2016,1
41.903095,12.475096,20,1951,2.129,0,,0
41.878498,12.460694,20,1954,2.129,1,2016,1
41.883242,12.541797,20,1954,2.129,1,2015,1
41.896564,12.47245,20,1954,2.129,1,2016,0
41.89338,12.47226,20,1954.6,2.129,1,2008,0
41.896443,12.46364,20,1954.6,2.129,1,2016,1
41.86616,12.594741,20,1954.6,2.129,1,2016,1
41.897371,12.479398,20,1954.6,2.129,1,2015,1
41.887938,12.504235,20,1954.6,2.129,1,2016,1
41.89545,12.50931,20,1954.6,2.129,0,,0
41.882915,12.483697,20,1954.6,2.129,1,2014,2
41.886133,12.517214,20,1954.6,2.129,1,2018,1
41.891069,12.521106,20,1957,2.129,1,2014,1
41.898163,12.489132,20,1901,2.137,0,,0
41.901839,12.473585,20,1901,2.1444,0,,0
41.888892,12.47705,20,1954,2.144444,0,,0
41.894875,12.49045,20,1901,2.15,0,,0
41.890864,12.477863,20,1901,2.188,0,,0
41.885994,12.518982,20,1901,2.22,0,,0
41.882936,12.520858,20,1901,2.22,0,,0
41.89206,12.47657,20,1924,2.222,0,,0
41.894737,12.477495,20,1924,2.222,0,,0
41.893753,12.478448,20,1924,2.222,0,,0
41.91177,12.49256,20,1924,2.222,0,,0
41.893268,12.479593,20,1924,2.222,0,,0
41.87401,12.517139,20,1901,2.2222,1,2016,2
41.891198,12.520823,20,1956,2.222222,1,2019,1
41.892648,12.489796,20,1901,2.22222222,0,,0
41.897904,12.473894,20,1901,2.22222222,0,,0
41.895315,12.462089,20,1901,2.22222222,0,,0
41.887786,12.47745,20,1901,2.22222222,0,,0
41.882648,12.542408,20,1950,2.22222222,1,2017,1
41.89468,12.49075,20,1954,2.22222222,1,2016,1
41.905451,12.457908,20,1901,2.222222222,1,2016,1
41.884786,12.52067,20,1901,2.222222222,0,,0
41.885416,12.521318,20,1901,2.222222222,0,,0
41.90068,12.45637,20,1944,2.222222222,1,2016,2
41.914075,12.45394,20,1952,2.222222222,0,,0
41.941658,12.420853,20,1901,2.222222222,1,2017,1
41.89547,12.490395,20,1901,2.222222222,0,,0
41.878589,12.472311,20,1901,2.222222222,0,,0
41.879615,12.476425,20,1901,2.222222222,0,,0
41.882308,12.476436,20,1901,2.222222222,0,,0
41.934452,12.448936,20,1953,2.222222222,0,,1
41.884833,12.521482,20,1901,2.5,1,2014,1
41.89109,12.47686,20,1901,2.888,1,2015,1
41.89518,12.48064,20,1932,2.999999,0,,0
41.886022,12.521853,20,1901,3.1,0,,2
41.882779,12.543166,20,1922,3.1,0,,0
41.88285,12.543122,20,1934,3.1,0,,0
41.906612,12.514297,20,1944,3.1,0,,0
41.888517,12.529731,20,1901,5.555,0,,0
41.883674,12.541659,20,1901,5.555,1,2014,0
41.888954,12.423199,20,1901,5.5551,0,,0
41.89645,12.49661,20,1901,5.5555,0,,0
41.918702,12.50269,20,1927,5.5555,0,,0
41.918765,12.502735,20,1927,5.5555,0,,0
41.885354,12.541486,20,1901,5.555555555,1,2017,0
41.886155,12.5226,20,1901,5.555555556,0,,0
41.894892,12.47429,20,1901,7.724444444,1,2016,2
41.891197,12.477011,20,1901,9.9988,0,,0
41.886144,12.463008,21,2004,1.23,1,2017,1
41.88373,12.535489,21,2005,1.23,1,2017,1
41.893886,12.472465,21,2001,2.1,0,,0
41.862255,12.542919,21,2012,2.1,1,2014,1
41.898484,12.467742,21,2018,2.122222,0,,0
41.887799,12.532022,21,2017,2.129,1,2017,1
